-- Renaissance HAVEN Seed Data
-- Run this after schema.sql to populate initial data

-- Insert sample users
INSERT INTO users (id, email, name, role, avatar_url, organization) VALUES
  ('11111111-1111-1111-1111-111111111111', 'adaora.nwosu@renaissance.ng', 'Adaora Nwosu', 'TEAM', 'https://images.unsplash.com/photo-1494790108377-be9c29b29330?w=150', 'Renaissance Labs'),
  ('22222222-2222-2222-2222-222222222222', 'chidi.okonkwo@renaissance.ng', 'Chidi Okonkwo', 'TEAM', 'https://images.unsplash.com/photo-1507003211169-0a1dd7228f2d?w=150', 'Renaissance Labs'),
  ('33333333-3333-3333-3333-333333333333', 'fatima.ibrahim@renaissance.ng', 'Fatima Ibrahim', 'TEAM', 'https://images.unsplash.com/photo-1438761681033-6461ffad8d80?w=150', 'Renaissance Labs'),
  ('44444444-4444-4444-4444-444444444444', 'emeka.azikiwe@renaissance.ng', 'Emeka Azikiwe', 'LEADERSHIP', 'https://images.unsplash.com/photo-1472099645785-5658abf4ff4e?w=150', 'Renaissance Labs'),
  ('55555555-5555-5555-5555-555555555555', 'ngozi.eze@renaissance.ng', 'Ngozi Eze', 'TEAM', 'https://images.unsplash.com/photo-1580489944761-15a19d654956?w=150', 'Renaissance Labs'),
  ('66666666-6666-6666-6666-666666666666', 'tunde.bakare@renaissance.ng', 'Tunde Bakare', 'TEAM', 'https://images.unsplash.com/photo-1500648767791-00dcc994a43e?w=150', 'Renaissance Labs');

-- Insert sample products
INSERT INTO products (id, name, codename, tagline, category, problem_statement, target_users, local_context, solution_overview, key_differentiators, system_logic, status, start_date, hero_image_url, product_url, cta_label, users_reached, problems_solved, geographic_reach, owner_id) VALUES
  (
    '1',
    'HealthBridge',
    'Project Asclepius',
    'Connecting underserved communities to quality healthcare through AI-powered telemedicine',
    'HEALTH_TECH',
    'Rural communities in Nigeria face severe healthcare access challenges. With only 4 doctors per 10,000 people and most specialists concentrated in urban areas, millions lack access to basic medical consultation.',
    'Rural healthcare workers, community health centers, patients in underserved areas, and state health ministries.',
    'Nigeria has one of the lowest doctor-to-patient ratios in the world. The National Primary Healthcare Development Agency reports that 57% of Nigerians live more than 30 minutes from any health facility.',
    'HealthBridge uses AI-powered symptom assessment combined with a network of verified telemedicine doctors to provide remote consultations. Community health workers are equipped with low-bandwidth mobile apps that can function offline.',
    'Offline-first architecture, AI triage in local languages (Hausa, Yoruba, Igbo), integration with existing community health worker networks, and partnerships with state health ministries.',
    'Patient describes symptoms → AI triage (local language NLP) → Priority queue → Telemedicine consultation → Prescription/Referral → Community health worker follow-up',
    'LIVE',
    '2023-03-15',
    'https://images.unsplash.com/photo-1576091160550-2173dba999ef?w=1920&q=80',
    'https://healthbridge.ng',
    'Access Platform',
    45000,
    12500,
    'Kano, Kaduna, Niger, Plateau States',
    '11111111-1111-1111-1111-111111111111'
  ),
  (
    '2',
    'CivicPulse',
    'Project Agora',
    'Real-time citizen feedback platform for local government accountability',
    'CIVIC_TECH',
    'Citizens have no effective channel to communicate with local government. Service delivery issues go unreported, and there is no mechanism for tracking government responsiveness.',
    'Citizens, local government authorities, civil society organizations, and media.',
    'Nigeria operates a three-tier government system with 774 local government areas. Citizen trust in government is at historic lows, with the Afrobarometer reporting only 18% trust in local councils.',
    'CivicPulse provides a multi-channel feedback system (USSD, WhatsApp, Web) that allows citizens to report issues, rate services, and track government response. LGAs get dashboards showing real-time sentiment and issue tracking.',
    'Works on feature phones via USSD, anonymous reporting option, automated issue routing to relevant departments, public accountability scorecards.',
    'Citizen reports issue → Categorization AI → Route to department → Response tracking → Public scorecard update → Quarterly accountability report',
    'MVP',
    '2023-08-01',
    'https://images.unsplash.com/photo-1517048676732-d65bc937f952?w=1920&q=80',
    'https://civicpulse.ng',
    'Report an Issue',
    8500,
    2100,
    'Lagos, Oyo, Ekiti States',
    '22222222-2222-2222-2222-222222222222'
  ),
  (
    '3',
    'EduLearn AI',
    'Project Newton',
    'Personalized learning companion for Nigerian secondary school students',
    'EDTECH',
    'Nigerian students face significant learning gaps, especially in STEM subjects. With classroom sizes often exceeding 80 students, personalized attention is impossible.',
    'Secondary school students (JS1-SS3), teachers, parents, and state education boards.',
    'WAEC pass rates in Mathematics hover around 30%. The teacher-student ratio in public schools averages 1:80. Most students cannot afford private tutoring.',
    'EduLearn AI provides a personalized learning assistant aligned with Nigerian curriculum (NERDC). It adapts to each students pace, identifies knowledge gaps, and provides targeted practice.',
    'Aligned to Nigerian curriculum, works offline with periodic sync, gamified learning with local context, teacher dashboard for class-wide insights.',
    'Diagnostic assessment → Knowledge gap identification → Personalized learning path → Adaptive practice → Progress tracking → Teacher insights',
    'IN_DEVELOPMENT',
    '2024-01-10',
    'https://images.unsplash.com/photo-1503676260728-1c00da094a0b?w=1920&q=80',
    'https://edulearn.ng',
    'Start Learning',
    NULL,
    NULL,
    'Pilot: Lagos, Ogun States',
    '33333333-3333-3333-3333-333333333333'
  ),
  (
    '4',
    'AgriTrack',
    'Project Harvest',
    'Supply chain transparency for smallholder farmers',
    'AGRITECH',
    'Smallholder farmers receive only 20-30% of the final retail price of their produce. Middlemen opacity and lack of market information leave farmers with weak bargaining power.',
    'Smallholder farmers, agricultural cooperatives, food processors, and retailers.',
    'Nigeria is Africas largest agricultural producer but imports $3B in food annually. 70% of the population depends on agriculture, yet post-harvest losses reach 40%.',
    'AgriTrack provides end-to-end visibility from farm to market. Farmers log harvests via USSD, and the system tracks produce through aggregation, transport, and sale, ensuring fair pricing.',
    'USSD-based for farmers without smartphones, blockchain-verified transactions, integration with commodity exchange prices, cooperative management tools.',
    'Harvest logged → Aggregation center check-in → Transport tracking → Market arrival → Sale recorded → Payment to farmer wallet',
    'EXPLORING',
    '2024-06-01',
    'https://images.unsplash.com/photo-1625246333195-78d9c38ad449?w=1920&q=80',
    NULL,
    NULL,
    NULL,
    NULL,
    'Northern Nigeria agricultural belt',
    '44444444-4444-4444-4444-444444444444'
  ),
  (
    '5',
    'PayFlow',
    'Project Mercury',
    'Micro-payment infrastructure for informal economy workers',
    'FINTECH',
    'Informal economy workers (70% of Nigerian workforce) struggle with irregular income, lack of payment records, and exclusion from formal financial services.',
    'Gig workers, market traders, artisans, and informal service providers.',
    'Nigerias informal economy contributes 65% of GDP but remains largely invisible to financial systems. Only 45% of adults have bank accounts.',
    'PayFlow creates a portable payment identity that tracks income across multiple sources, building a verifiable financial history that can unlock credit and savings products.',
    'Works with any payment method (cash recorded via agent, mobile money, bank), builds credit score from payment patterns, integrates with microfinance institutions.',
    'Payment received → Record in PayFlow → Pattern analysis → Financial health score → Unlock savings/credit products → Financial inclusion',
    'PAUSED',
    '2023-11-01',
    'https://images.unsplash.com/photo-1563986768609-322da13575f3?w=1920&q=80',
    NULL,
    NULL,
    15000,
    NULL,
    'Lagos, Kano, Port Harcourt',
    '55555555-5555-5555-5555-555555555555'
  ),
  (
    '6',
    'ClimateWatch',
    'Project Gaia',
    'Community-based climate monitoring and early warning system',
    'CLIMATE_TECH',
    'Climate change impacts (flooding, drought) are devastating Nigerian communities. Early warning systems are inadequate, and communities lack localized climate data.',
    'Farming communities, disaster response agencies, local governments, and climate researchers.',
    'Nigeria experiences increasingly severe weather events. The 2022 floods affected 4.4 million people. Climate data collection is sparse outside major cities.',
    'ClimateWatch deploys low-cost IoT sensors in communities, combined with citizen reporting, to create hyperlocal climate monitoring and early warning.',
    'Community-owned sensors, crowdsourced weather reports, integration with NIMET data, SMS/WhatsApp alerts in local languages, agricultural advisory.',
    'Sensor data + Citizen reports → AI analysis → Anomaly detection → Risk assessment → Multi-channel alerts → Community response coordination',
    'EXPLORING',
    '2024-04-15',
    'https://images.unsplash.com/photo-1569163139394-de4798aa62b5?w=1920&q=80',
    NULL,
    NULL,
    NULL,
    NULL,
    'Niger Delta, Northern flood plains',
    '66666666-6666-6666-6666-666666666666'
  );

-- Insert sample impressions
INSERT INTO impressions (product_id, type, explanation, anonymous, user_segment, geography) VALUES
  ('1', 'HIGH_POTENTIAL', 'This addresses a critical need in rural healthcare', TRUE, 'Healthcare Professional', 'Lagos'),
  ('1', 'HIGH_POTENTIAL', NULL, TRUE, NULL, NULL),
  ('1', 'INSIGHTFUL', 'The offline-first approach is exactly what is needed', TRUE, 'Tech Professional', 'Abuja'),
  ('1', 'INTERESTED_SPONSORING', 'Our foundation would like to learn more', TRUE, 'Foundation', 'International'),
  ('1', 'INTERESTED_PARTNERING', 'We have a network of community health workers', TRUE, 'NGO', 'Kano'),
  ('1', 'CONCERNS', 'How do you handle medical liability?', TRUE, 'Healthcare Professional', 'Lagos'),
  ('2', 'HIGH_POTENTIAL', NULL, TRUE, NULL, NULL),
  ('2', 'INSIGHTFUL', 'USSD access is crucial for inclusion', TRUE, 'Civic Tech Expert', 'Abuja'),
  ('2', 'INTERESTED_PARTNERING', NULL, TRUE, 'Civil Society', 'Lagos'),
  ('2', 'CONCERNS', 'Government buy-in will be the biggest challenge', TRUE, 'Public Sector', 'Abuja'),
  ('3', 'HIGH_POTENTIAL', 'EdTech is desperately needed', TRUE, 'Teacher', 'Ibadan'),
  ('3', 'INSIGHTFUL', NULL, TRUE, NULL, NULL),
  ('3', 'INTERESTED_SPONSORING', 'Aligned with our education mandate', TRUE, 'Corporate CSR', 'Lagos'),
  ('3', 'SPECIFIC_EXPERTISE', 'I can help with curriculum alignment', TRUE, 'Education Expert', 'Abuja'),
  ('4', 'HIGH_POTENTIAL', NULL, TRUE, NULL, NULL),
  ('4', 'INTERESTED_PARTNERING', 'We work with farmer cooperatives in the North', TRUE, 'Agribusiness', 'Kano'),
  ('5', 'CONCERNS', 'Regulatory landscape for fintech is complex', TRUE, 'Fintech Professional', 'Lagos'),
  ('5', 'INSIGHTFUL', NULL, TRUE, NULL, NULL),
  ('6', 'HIGH_POTENTIAL', NULL, TRUE, NULL, NULL),
  ('6', 'INTERESTED_PARTNERING', 'We have climate monitoring expertise', TRUE, 'Research Institution', 'Ibadan');
